{"The number of input tokens": 286, "The number of generated tokens": 49, "Inference Time": 8.556360960006714, "token/second": 5.726733622977209, "_timestamp": 1700819067.432344, "_runtime": 62974.00388407707, "_step": 1}