{"The number of input tokens": 48, "The number of generated tokens": 66, "Inference Time": 11.107413053512573, "token/second": 5.941977639800508, "_timestamp": 1700827661.8221483, "_runtime": 71568.39368844032, "_step": 10}