{"The number of input tokens": 1, "The number of generated tokens": 35, "Inference Time": 9.127248764038086, "token/second": 3.834671422335077, "_timestamp": 1700745684.1017973, "_runtime": 199.5517873764038, "_step": 0}