{"The number of input tokens": 1, "The number of generated tokens": 36, "Inference Time": 6.347162246704102, "token/second": 5.671826022517979, "_timestamp": 1700755948.0460827, "_runtime": 5913.786366701126, "_step": 9}