{"The number of input tokens": 1, "The number of generated tokens": 36, "Inference Time": 6.754939079284668, "token/second": 5.329433704354343, "_timestamp": 1700750599.1890821, "_runtime": 564.9293661117554, "_step": 0}