{"The number of input tokens": 1, "The number of generated tokens": 35, "Inference Time": 9.01292085647583, "token/second": 3.8833138066282165, "_timestamp": 1700482817.9300616, "_runtime": 168.244149684906, "_step": 0}