{"The number of input tokens": 221, "The number of generated tokens": 146, "Inference Time": 22.643463850021362, "token/second": 6.447776760968586, "_timestamp": 1700827763.082334, "_runtime": 71634.56893801689, "_step": 8}