{"The number of input tokens": 341, "The number of generated tokens": 49, "Inference Time": 8.352539777755737, "token/second": 5.866479095435798, "_timestamp": 1700819096.3267593, "_runtime": 62967.813363313675, "_step": 5}