{"The number of input tokens": 1, "The number of generated tokens": 36, "Inference Time": 6.909501791000366, "token/second": 5.210216465518547, "_timestamp": 1700750585.3617022, "_runtime": 585.2683691978455, "_step": 0}