{"The number of input tokens": 1, "The number of generated tokens": 35, "Inference Time": 6.150641679763794, "token/second": 5.69046317803773, "_timestamp": 1700753967.7006872, "_runtime": 3967.6073541641235, "_step": 2}