{"The number of input tokens": 1, "The number of generated tokens": 35, "Inference Time": 6.791321754455566, "token/second": 5.153635958572812, "_timestamp": 1700485525.3252132, "_runtime": 332.14400911331177, "_step": 0}