{"The number of input tokens": 2, "The number of generated tokens": 35, "Inference Time": 6.041845798492432, "token/second": 5.79293169129428, "_timestamp": 1700483560.7991142, "_runtime": 423.10423612594604, "_step": 2}