{"The number of input tokens": 1, "The number of generated tokens": 36, "Inference Time": 6.9452223777771, "token/second": 5.183419340925729, "_timestamp": 1700745962.5719802, "_runtime": 132.98768424987793, "_step": 0}